INSERT INTO customer VALUES
(1000, 'Joana Azevedo', 'joana.azevedo@ulisboa.pt', '+351961155722', 'Travessa Eng. Madalena Antunes, 2004-20 Faro'), 
(1001, 'Maria Santos', 'mariasantos@tecnico.ulisboa.pt', '+351964409356', 'Travessa St. Manuel de Ferreira, 2002-952 Porto'), 
(1002, 'Isabel Faria', 'isabel.faria@sapo.pt', '+351269300757', 'Praceta Comendador Henrique de França, 2000-831 Lisboa'), 
(1003, 'Pedro Santos', 'pedro.santos1999@tecnico.ulisboa.pt', '+351252107619', 'Rua St. Manuel de Ferreira, 2001-155 Santarém'), 
(1004, 'Joana Ferreira', 'joanaferreira@gmail.com', '+351937022338', 'Praceta Dr. Joana de França, 2000-200 Lisboa'), 
(1005, 'Maria Faria', 'mariafaria.1992@ulisboa.pt', '+351933250895', 'Travessa Presidente Manuel Antunes, 2003-831 Évora'), 
(1006, 'Maria Ferreira', 'mariaferreira@ulisboa.pt', '+351961653667', 'Travessa Comendador Pedro de França, 2003-315 Évora'), 
(1007, 'Maria Silva', 'maria.silva@tecnico.ulisboa.pt', '+351267291679', 'Praça Dr. Joana de Ferreira, 2003-818 Évora'), 
(1008, 'Isabel Azevedo', 'isabel.azevedo1973@tecnico.ulisboa.pt', '+351933757707', 'Praceta Comendador Manuel Antunes, 2002-613 Porto'), 
(1009, 'Isabel Ferreira', 'isabel.ferreira@ulisboa.pt', '+351252100389', 'Alameda Eng. Pedro de França, 2001-878 Santarém');

INSERT INTO orders VALUES
(12000, 1007, 202), 
(12001, 1000, 202), 
(12002, 1004, 202), 
(12003, 1000, 202), 
(12004, 1003, 202), 
(12005, 1003, 202), 
(12006, 1005, 202), 
(12007, 1007, 202), 
(12008, 1008, 202), 
(12009, 1001, 202), 
(12010, 1005, 202), 
(12011, 1002, 202), 
(12012, 1003, 202), 
(12013, 1006, 202), 
(12014, 1006, 202), 
(12015, 1003, 202), 
(12016, 1009, 202), 
(12017, 1009, 202), 
(12018, 1009, 202), 
(12019, 1005, 202), 
(12020, 1009, 202), 
(12021, 1009, 202), 
(12022, 1005, 202), 
(12023, 1001, 202), 
(12024, 1008, 202);

INSERT INTO pay VALUES
(12013, 1006), 
(12024, 1008), 
(12023, 1001), 
(12000, 1007), 
(12004, 1003), 
(12001, 1000), 
(12015, 1003), 
(12010, 1005), 
(12022, 1005), 
(12020, 1009);

INSERT INTO employee VALUES
('100', '237330809', 197, 'Antonio Faria'), 
('101', '271732142', 199, 'Maria Azevedo'), 
('102', '180107802', 198, 'Antonio Santos'), 
('103', '114437393', 199, 'Joana Silva'), 
('104', '178296288', 199, 'Pedro Azevedo'), 
('105', '325959072', 197, 'Isabel Santos'), 
('106', '135485441', 197, 'Pedro Ferreira'), 
('107', '386010791', 199, 'Pedro Silva'), 
('108', '366293875', 200, 'Joana Santos'), 
('109', '436196067', 197, 'Antonio Azevedo'), 
('110', '250880556', 197, 'Pedro Faria'), 
('111', '431455717', 199, 'Joana Faria'), 
('112', '299641554', 199, 'Isabel Silva'), 
('113', '100437205', 199, 'Antonio Ferreira'), 
('114', '115649057', 197, 'Antonio Silva');

INSERT INTO process VALUES
('109', 12006), 
('104', 12017), 
('107', 12020), 
('108', 12024), 
('107', 12015), 
('114', 12009), 
('103', 12024), 
('109', 12014), 
('111', 12004), 
('110', 12024);

INSERT INTO department VALUES
('Logistica'), 
('Direcao'), 
('Vendas'), 
('Recursos Humanos'), 
('Marketing');

INSERT INTO workplace VALUES
('Alameda Comendador Madalena de Ferreira, 2002-701 Porto', -63.4016, 3.3617), 
('Travessa Comendador Joana Silva, 2004-608 Faro', -18.236, 12.7606), 
('Praceta Dr. Henrique dos Santos, 2003-217 Évora', -81.0984, 61.7375), 
('Rua Eng. Henrique de Ferreira, 2004-890 Faro', 1.7917, -34.2257), 
('Alameda Comendador Henrique Antunes, 2002-655 Porto', 42.7018, -88.5424), 
('Praceta Presidente Pedro dos Santos, 2002-842 Porto', -73.0137, 45.2012), 
('Praceta Dr. Madalena Silva, 2003-351 Évora', -53.6593, 74.0576), 
('Praceta Comendador Madalena dos Santos, 2004-256 Faro', 57.1169, 62.3946), 
('Praça Presidente Madalena Antunes, 2002-305 Porto', -22.5287, 28.5582), 
('Praça Dr. Henrique Antunes, 2004-578 Faro', -47.9451, 32.7399), 
('Alameda Dr. Manuel de Ferreira, 2002-676 Porto', 65.1115, 47.1136), 
('Praça St. Pedro de Ferreira, 2001-817 Santarém', 12.2292, -44.6014), 
('Praça Comendador Madalena dos Santos, 2004-578 Faro', 82.4156, 24.8504), 
('Praça Dr. Henrique dos Santos, 2004-380 Faro', 7.3861, 33.0107), 
('Alameda Eng. Manuel Silva, 2001-259 Santarém', -20.7222, 18.106), 
('Praceta St. Madalena de Ferreira, 2000-433 Lisboa', 38.1107, 72.5918), 
('Alameda Eng. Henrique Antunes, 2004-259 Faro', 16.5613, -63.7739), 
('Travessa Dr. Manuel Antunes, 2002-951 Porto', -70.2834, 15.763), 
('Rua Comendador Henrique dos Santos, 2004-795 Faro', 21.3901, 60.4649), 
('Praceta Eng. Pedro de França, 2003-715 Évora', 76.9508, 66.3052);

INSERT INTO office VALUES
('Praceta Dr. Henrique dos Santos, 2003-217 Évora'), 
('Rua Eng. Henrique de Ferreira, 2004-890 Faro'), 
('Praça St. Pedro de Ferreira, 2001-817 Santarém'), 
('Praceta Dr. Henrique dos Santos, 2003-217 Évora'), 
('Alameda Eng. Henrique Antunes, 2004-259 Faro'), 
('Praceta Dr. Madalena Silva, 2003-351 Évora'), 
('Travessa Comendador Joana Silva, 2004-608 Faro'), 
('Praça Presidente Madalena Antunes, 2002-305 Porto'), 
('Travessa Comendador Joana Silva, 2004-608 Faro'), 
('Praça Dr. Henrique Antunes, 2004-578 Faro');

INSERT INTO warehouse VALUES
('Alameda Eng. Manuel Silva, 2001-259 Santarém'), 
('Praceta Presidente Pedro dos Santos, 2002-842 Porto'), 
('Rua Comendador Henrique dos Santos, 2004-795 Faro'), 
('Praceta St. Madalena de Ferreira, 2000-433 Lisboa'), 
('Alameda Dr. Manuel de Ferreira, 2002-676 Porto'), 
('Praceta Eng. Pedro de França, 2003-715 Évora'), 
('Travessa Dr. Manuel Antunes, 2002-951 Porto'), 
('Praceta St. Madalena de Ferreira, 2000-433 Lisboa'), 
('Alameda Comendador Henrique Antunes, 2002-655 Porto'), 
('Praceta St. Madalena de Ferreira, 2000-433 Lisboa');

INSERT INTO works VALUES
('100', 'Marketing', 'Praceta St. Madalena de Ferreira, 2000-433 Lisboa'), 
('108', 'Marketing', 'Praceta St. Madalena de Ferreira, 2000-433 Lisboa'), 
('103', 'Direcao', 'Alameda Comendador Henrique Antunes, 2002-655 Porto'), 
('107', 'Recursos Humanos', 'Alameda Comendador Madalena de Ferreira, 2002-701 Porto'), 
('105', 'Vendas', 'Praça Comendador Madalena dos Santos, 2004-578 Faro'), 
('108', 'Vendas', 'Alameda Dr. Manuel de Ferreira, 2002-676 Porto'), 
('105', 'Marketing', 'Praceta Eng. Pedro de França, 2003-715 Évora'), 
('111', 'Marketing', 'Travessa Dr. Manuel Antunes, 2002-951 Porto'), 
('104', 'Logistica', 'Alameda Eng. Henrique Antunes, 2004-259 Faro'), 
('103', 'Direcao', 'Travessa Comendador Joana Silva, 2004-608 Faro'), 
('111', 'Logistica', 'Praceta Dr. Madalena Silva, 2003-351 Évora'), 
('112', 'Logistica', 'Alameda Comendador Madalena de Ferreira, 2002-701 Porto'), 
('100', 'Direcao', 'Praça Dr. Henrique Antunes, 2004-578 Faro'), 
('103', 'Vendas', 'Rua Eng. Henrique de Ferreira, 2004-890 Faro'), 
('101', 'Recursos Humanos', 'Alameda Eng. Manuel Silva, 2001-259 Santarém'), 
('108', 'Logistica', 'Alameda Dr. Manuel de Ferreira, 2002-676 Porto'), 
('106', 'Recursos Humanos', 'Praça St. Pedro de Ferreira, 2001-817 Santarém'), 
('107', 'Vendas', 'Praceta Presidente Pedro dos Santos, 2002-842 Porto'), 
('110', 'Recursos Humanos', 'Alameda Comendador Henrique Antunes, 2002-655 Porto'), 
('105', 'Recursos Humanos', 'Rua Comendador Henrique dos Santos, 2004-795 Faro');

INSERT INTO product VALUES
('26385200295941', 'Afinador Ibanez', 'O produto a apresentar é Afinador Ibanez', 8602.45, 112584103787), 
('53707647042915', 'Palheta Yamaha', 'O produto a apresentar é Palheta Yamaha', 3441.6, 249095163212), 
('91376666567901', 'Violino Yamaha', 'O produto a apresentar é Violino Yamaha', 7479.99, 418119427267), 
('83832856771400', 'Violino Alhambra', 'O produto a apresentar é Violino Alhambra', 2483.29, 377837252703), 
('27599885930951', 'Afinador Yamaha', 'O produto a apresentar é Afinador Yamaha', 3493.03, 881825365643), 
('64518309897988', 'Guitarra Squier', 'O produto a apresentar é Guitarra Squier', 4443.2, 860438943802), 
('72613155667454', 'Guitarra Alhambra', 'O produto a apresentar é Guitarra Alhambra', 2449.3, 622718394319), 
('55018096788406', 'Afinador Alhambra', 'O produto a apresentar é Afinador Alhambra', 3348.46, 827469924594), 
('43978313685752', 'Palheta Ibanez', 'O produto a apresentar é Palheta Ibanez', 5769.56, 436710524318), 
('80008011141122', 'Violino Fender', 'O produto a apresentar é Violino Fender', 3860.72, 175262628073), 
('75398879702139', 'Metrónomo Fender', 'O produto a apresentar é Metrónomo Fender', 8258.56, 866066575011), 
('10451811521769', 'Palheta Fender', 'O produto a apresentar é Palheta Fender', 2521.2, 873571426300), 
('72985793098159', 'Palheta Alhambra', 'O produto a apresentar é Palheta Alhambra', 6734.79, 680033654736), 
('77996429643576', 'Guitarra Yamaha', 'O produto a apresentar é Guitarra Yamaha', 1440.17, 157949409266), 
('44661379810790', 'Metrónomo Ibanez', 'O produto a apresentar é Metrónomo Ibanez', 872.92, 718319059086);

INSERT INTO contains VALUES
(12000, '75398879702139', 10), 
(12001, '77996429643576', 7), 
(12002, '10451811521769', 9), 
(12003, '72985793098159', 5), 
(12004, '53707647042915', 4), 
(12005, '83832856771400', 5), 
(12006, '27599885930951', 10), 
(12007, '27599885930951', 2), 
(12008, '75398879702139', 2), 
(12009, '72613155667454', 7), 
(12010, '80008011141122', 10), 
(12011, '77996429643576', 6), 
(12012, '44661379810790', 9), 
(12013, '44661379810790', 8), 
(12014, '77996429643576', 3), 
(12015, '55018096788406', 10), 
(12013, '75398879702139', 8), 
(12008, '10451811521769', 1), 
(12007, '75398879702139', 4), 
(12013, '53707647042915', 3), 
(12004, '64518309897988', 9), 
(12019, '26385200295941', 3), 
(12018, '64518309897988', 1), 
(12002, '26385200295941', 5), 
(12010, '26385200295941', 6);

INSERT INTO supplier VALUES
('566952654', 'Instrumento Afinada', 'Praceta Eng. Manuel de Ferreira, 2003-149 Évora', '72985793098159', 202), 
('539802333', 'Corda Melodia', 'Praceta Presidente Pedro de Ferreira, 2001-68 Santarém', '55018096788406', 202), 
('503175776', 'Musica Nova', 'Praça Eng. Joana Antunes, 2000-370 Lisboa', '64518309897988', 202), 
('597073750', 'Corda Magnifica', 'Praça Dr. Manuel dos Santos, 2001-102 Santarém', '83832856771400', 202), 
('573494777', 'Musica Afinada', 'Alameda Comendador Henrique de Ferreira, 2002-876 Porto', '75398879702139', 202), 
('565185122', 'Som Afinada', 'Alameda Comendador Joana dos Santos, 2002-509 Porto', '55018096788406', 202), 
('501179761', 'Voz Afinada', 'Rua Presidente Manuel de Ferreira, 2001-249 Santarém', '77996429643576', 202), 
('508689814', 'Instrumento Magnifica', 'Praceta St. Pedro de Ferreira, 2004-54 Faro', '80008011141122', 202), 
('505350938', 'Som Magica', 'Alameda St. Henrique Antunes, 2000-918 Lisboa', '27599885930951', 202), 
('575278770', 'Musica Magnifica', 'Alameda Dr. Pedro de França, 2004-302 Faro', '53707647042915', 202), 
('599507944', 'Musica Magica', 'Praça Comendador Henrique dos Santos, 2001-191 Santarém', '26385200295941', 202), 
('572132995', 'Voz Melodia', 'Praça St. Manuel Antunes, 2001-966 Santarém', '72985793098159', 202), 
('511960117', 'Instrumento Magica', 'Rua Dr. Pedro Antunes, 2002-245 Porto', '27599885930951', 202), 
('575184455', 'Som Magnifica', 'Praceta Dr. Pedro Antunes, 2002-346 Porto', '72613155667454', 202), 
('542491606', 'Corda Afinada', 'Praça Presidente Joana de França, 2002-61 Porto', '72985793098159', 202), 
('526015595', 'Musica Melodia', 'Praça Eng. Henrique Antunes, 2000-12 Lisboa', '27599885930951', 202), 
('582090088', 'Corda Magica', 'Rua St. Henrique dos Santos, 2004-482 Faro', '83832856771400', 202), 
('549524257', 'Som Nova', 'Alameda St. Manuel de Ferreira, 2003-955 Évora', '77996429643576', 202), 
('534954081', 'Instrumento Nova', 'Praça Eng. Pedro Silva, 2001-947 Santarém', '55018096788406', 202), 
('533336334', 'Instrumento Melodia', 'Alameda Comendador Manuel de Ferreira, 2001-387 Santarém', '77996429643576', 202);

INSERT INTO delivery VALUES
('Alameda Comendador Henrique Antunes, 2002-655 Porto', '534954081'), 
('Praceta Eng. Pedro de França, 2003-715 Évora', '508689814'), 
('Alameda Eng. Manuel Silva, 2001-259 Santarém', '534954081'), 
('Praceta Eng. Pedro de França, 2003-715 Évora', '566952654'), 
('Alameda Eng. Manuel Silva, 2001-259 Santarém', '549524257'), 
('Rua Comendador Henrique dos Santos, 2004-795 Faro', '511960117'), 
('Praceta St. Madalena de Ferreira, 2000-433 Lisboa', '533336334'), 
('Alameda Dr. Manuel de Ferreira, 2002-676 Porto', '575184455'), 
('Alameda Comendador Henrique Antunes, 2002-655 Porto', '508689814'), 
('Rua Comendador Henrique dos Santos, 2004-795 Faro', '503175776');
